<?xml version="1.0" encoding="UTF-8"?>

<!-- generated on Fri Apr 23 02:42:34 2021 by Eclipse SUMO duarouter Version 1.9.0
<configuration xmlns:xsi="http://www.w3.org/2001/XMLSchema-instance" xsi:noNamespaceSchemaLocation="http://sumo.dlr.de/xsd/duarouterConfiguration.xsd">

    <input>
        <net-file value="/home/dev/Desktop/BM_Scenarios/basic/cutin_stopped_vehicle_2lane/map.net.xml"/>
        <route-files value="/tmp/tmpfjwq3a0x/trips.trips.xml"/>
    </input>

    <output>
        <output-file value="/home/dev/Desktop/BM_Scenarios/basic/cutin_stopped_vehicle_2lane/traffic/all.rou.xml"/>
        <alternatives-output value="/home/dev/Desktop/BM_Scenarios/basic/cutin_stopped_vehicle_2lane/traffic/all.rou.alt.xml"/>
    </output>

    <processing>
        <unsorted-input value="true"/>
        <repair value="true"/>
    </processing>

    <report>
        <error-log value="/home/dev/.smarts/_duarouter_routing/traffic/all.log"/>
        <no-step-log value="true"/>
    </report>

    <random_number>
        <seed value="42"/>
    </random_number>

</configuration>
-->

<routes xmlns:xsi="http://www.w3.org/2001/XMLSchema-instance" xsi:noNamespaceSchemaLocation="http://sumo.dlr.de/xsd/routes_file.xsd">
    <vType id="actor-car--3601719244482206169" minGap="2.50" maxSpeed="55.50" speedFactor="normc(1.00,0.10,0.20,2.00)" vClass="passenger" accel="2.6" decel="4.5" sigma="0.5"/>
    <vehicle id="car-flow-route-straightaway_0_1-straightaway_0_max-249078339110619782---6719818908312412288--0-0.0" type="actor-car--3601719244482206169" depart="0.00" departLane="0" departPos="1.00" departSpeed="max" arrivalLane="0" arrivalPos="max">
        <route edges="straightaway"/>
    </vehicle>
    <vType id="actor-parked_car-2217159363366308559" minGap="2.50" maxSpeed="55.50" speedFactor="normc(0.00,0.00)" vClass="passenger" accel="2.6" decel="4.5" sigma="0.5"/>
    <vehicle id="parked_car-flow-route-straightaway_1_100-straightaway_1_max-1626142436755089953---1205688202426016985--1-0.0" type="actor-parked_car-2217159363366308559" depart="0.00" departLane="1" departPos="100.00" departSpeed="0.00" arrivalLane="1" arrivalPos="max">
        <route edges="straightaway"/>
    </vehicle>
</routes>
